time_sec,swing_phase,nominal_spline_z_m,nominal_spline_vz_mps,perceptive_spline_z_m,perceptive_spline_vz_mps,planned_foot_x_m,planned_foot_y_m,planned_foot_z_m,measured_foot_x_m,measured_foot_y_m,measured_foot_z_m,physical_terrain_height_m,perceived_terrain_height_m
10.702000000,0.000000000,0.200000000,0.050000000,0.200000000,0.050000000,0.579805362,0.152351666,0.266155281,0.580700822,0.151737692,0.268008302,0.200000000,0.200000000
10.704000000,0.008000000,0.200157610,0.107295360,0.200157610,0.107295360,0.580853837,0.152239475,0.266288914,0.581511629,0.151459631,0.267825681,0.200000000,0.200000000
10.706000000,0.016000000,0.200427922,0.162701440,0.200427922,0.162701440,0.581900371,0.152127338,0.266424468,0.580969823,0.151624256,0.268066857,0.200000000,0.200000000
10.708000000,0.024000000,0.200807156,0.216218240,0.200807156,0.216218240,0.582946992,0.152015255,0.266559960,0.581270343,0.151655879,0.268192504,0.200000000,0.200000000
10.710000000,0.032000000,0.201291535,0.267845760,0.201291535,0.267845760,0.583993989,0.151903215,0.266698892,0.581832007,0.151756686,0.268448444,0.200000000,0.200000000
10.712000000,0.040000000,0.201877280,0.317584000,0.201877280,0.317584000,0.585038136,0.151791257,0.266836459,0.581832007,0.151756686,0.268448444,0.200000000,0.200000000
10.714000000,0.048000000,0.202560612,0.365432960,0.202560612,0.365432960,0.586082092,0.151679354,0.266975805,0.583303032,0.151593953,0.268532717,0.200000000,0.200000000
10.716000000,0.056000000,0.203337752,0.411392640,0.203337752,0.411392640,0.587124875,0.151567508,0.267115118,0.584238884,0.152232445,0.269528832,0.200000000,0.200000000
10.718000000,0.064000000,0.204204923,0.455463040,0.204204923,0.455463040,0.588167048,0.151455732,0.267255353,0.585114229,0.152399439,0.269922193,0.200000000,0.200000000
10.720000000,0.072000000,0.205158345,0.497644160,0.205158345,0.497644160,0.589207310,0.151344039,0.267397531,0.585114229,0.152399439,0.269922193,0.200000000,0.200000000
10.722000000,0.080000000,0.206194240,0.537936000,0.206194240,0.537936000,0.590249516,0.151232396,0.267541309,0.586769079,0.152221697,0.269998028,0.200000000,0.200000000
10.724000000,0.088000000,0.207308829,0.576338560,0.207308829,0.576338560,0.591515863,0.151097006,0.268633386,0.587175479,0.153113110,0.272232818,0.200000000,0.200000000
10.726000000,0.096000000,0.208498335,0.612851840,0.208498335,0.612851840,0.589941715,0.149220823,0.272518522,0.588884359,0.152908375,0.272569777,0.200000000,0.200000000
10.728000000,0.104000000,0.209758977,0.647475840,0.209758977,0.647475840,0.591164541,0.148986844,0.273655851,0.589809806,0.153070998,0.273320904,0.200000000,0.200000000
10.730000000,0.112000000,0.211086979,0.680210560,0.211086979,0.680210560,0.592382514,0.148753585,0.274799647,0.590582806,0.152710698,0.272786904,0.200000000,0.200000000
10.732000000,0.120000000,0.212478560,0.711056000,0.212478560,0.711056000,0.593595860,0.148521048,0.275946158,0.591637613,0.153420842,0.274906412,0.200000000,0.200000000
10.734000000,0.128000000,0.213929943,0.740012160,0.213929943,0.740012160,0.594807068,0.148289253,0.277099805,0.592561268,0.153564356,0.275866477,0.200000000,0.200000000
10.736000000,0.136000000,0.215437349,0.767079040,0.215437349,0.767079040,0.596014083,0.148058142,0.278259831,0.592695937,0.154076513,0.277525840,0.200000000,0.200000000
10.738000000,0.144000000,0.216997000,0.792256640,0.216997000,0.792256640,0.597217131,0.147827774,0.279424011,0.593479937,0.153700713,0.276882840,0.100000000,0.130000000
10.740000000,0.152000000,0.218605116,0.815544960,0.218605116,0.815544960,0.598416492,0.147598154,0.280593679,0.595260413,0.154007518,0.278832153,0.100000000,0.130000000
10.742000000,0.160000000,0.220257920,0.836944000,0.220257920,0.836944000,0.599611857,0.147369284,0.281769633,0.596143092,0.154173193,0.279770008,0.100000000,0.130000000
10.744000000,0.168000000,0.221951633,0.856453760,0.221951633,0.856453760,0.600974649,0.147168986,0.283460273,0.597043203,0.154333227,0.280728906,0.100000000,0.130000000
10.746000000,0.176000000,0.223682476,0.874074240,0.223682476,0.874074240,0.602332369,0.146969353,0.285161711,0.597967573,0.154482743,0.281744198,0.100000000,0.130000000
10.748000000,0.184000000,0.225446670,0.889805440,0.225446670,0.889805440,0.603679887,0.146770468,0.286870513,0.597967573,0.154482743,0.281744198,0.100000000,0.130000000
10.750000000,0.192000000,0.227240438,0.903647360,0.227240438,0.903647360,0.605021731,0.146572298,0.288590150,0.598945028,0.155281490,0.284349238,0.100000000,0.130000000
10.752000000,0.200000000,0.229060000,0.915600000,0.229060000,0.915600000,0.606355305,0.146374882,0.290317171,0.600450328,0.155223023,0.283632742,0.100000000,0.130000000
10.754000000,0.208000000,0.230901578,0.925663360,0.230901578,0.925663360,0.607681520,0.146178209,0.292054746,0.601255328,0.154816323,0.282766742,0.100000000,0.130000000
10.756000000,0.216000000,0.232761394,0.933837440,0.232761394,0.933837440,0.608999650,0.145982264,0.293800490,0.601875693,0.155240156,0.282570360,0.100000000,0.130000000
10.758000000,0.224000000,0.234635668,0.940122240,0.234635668,0.940122240,0.610310303,0.145787093,0.295555670,0.601705032,0.155991409,0.282996982,0.100000000,0.130000000
10.760000000,0.232000000,0.236520623,0.944517760,0.236520623,0.944517760,0.611611773,0.145592671,0.297317844,0.603033841,0.156472508,0.281435605,0.100000000,0.130000000
10.762000000,0.240000000,0.238412480,0.947024000,0.238412480,0.947024000,0.612907878,0.145399021,0.299090310,0.603682583,0.156654302,0.280117801,0.100000000,0.130000000
10.764000000,0.248000000,0.240307460,0.947640960,0.240307460,0.947640960,0.614037045,0.145381382,0.297969916,0.604367849,0.156777553,0.278598095,0.100000000,0.130000000
10.766000000,0.256000000,0.242201784,0.946368640,0.242201784,0.946368640,0.615172521,0.145363710,0.296852250,0.604367849,0.156777553,0.278598095,0.100000000,0.130000000
10.768000000,0.264000000,0.244091675,0.943207040,0.244091675,0.943207040,0.616313535,0.145346028,0.295739346,0.605103191,0.156853510,0.276928582,0.100000000,0.130000000
10.770000000,0.272000000,0.245973353,0.938156160,0.245973353,0.938156160,0.617459299,0.145328270,0.294630041,0.606699367,0.156953428,0.273189354,0.100000000,0.130000000
10.772000000,0.280000000,0.247843040,0.931216000,0.247843040,0.931216000,0.618610881,0.145310461,0.293526423,0.607626971,0.156906925,0.271442167,0.100000000,0.130000000
10.774000000,0.288000000,0.249696957,0.922386560,0.249696957,0.922386560,0.619767643,0.145292660,0.292424975,0.608653244,0.156781224,0.269893428,0.100000000,0.130000000
10.776000000,0.296000000,0.251531327,0.911667840,0.251531327,0.911667840,0.620929376,0.145274763,0.291326397,0.609381244,0.156549024,0.269417428,0.100000000,0.130000000
10.778000000,0.304000000,0.253342369,0.899059840,0.253342369,0.899059840,0.622095280,0.145256840,0.290232730,0.609727680,0.156633777,0.268474659,0.100000000,0.130000000
10.780000000,0.312000000,0.255126307,0.884562560,0.255126307,0.884562560,0.623267605,0.145238876,0.289142995,0.611112365,0.156697472,0.266014853,0.100000000,0.130000000
10.782000000,0.320000000,0.256879360,0.868176000,0.256879360,0.868176000,0.624446130,0.145220868,0.288058930,0.612146844,0.156682817,0.264502542,0.100000000,0.130000000
10.784000000,0.328000000,0.258597751,0.849900160,0.258597751,0.849900160,0.625617105,0.145205565,0.287064827,0.613931731,0.156464391,0.262686035,0.100000000,0.130000000
10.786000000,0.336000000,0.260277701,0.829735040,0.260277701,0.829735040,0.626792937,0.145190097,0.286075449,0.614652731,0.156249791,0.262325035,0.100000000,0.130000000
10.788000000,0.344000000,0.261915432,0.807680640,0.261915432,0.807680640,0.627974607,0.145174623,0.285091277,0.615047205,0.156449766,0.261393006,0.100000000,0.130000000
10.790000000,0.352000000,0.263507164,0.783736960,0.263507164,0.783736960,0.629160059,0.145159104,0.284108394,0.617376634,0.156418374,0.259054162,0.100000000,0.130000000
10.792000000,0.360000000,0.265049120,0.757904000,0.265049120,0.757904000,0.630350276,0.145143399,0.283130283,0.618536173,0.156441556,0.257875968,0.100000000,0.130000000
10.794000000,0.368000000,0.266537521,0.730181760,0.266537521,0.730181760,0.631546848,0.145127716,0.282156675,0.618947633,0.156700863,0.256951371,0.100000000,0.130000000
10.796000000,0.376000000,0.267968588,0.700570240,0.267968588,0.700570240,0.632746284,0.145111944,0.281186026,0.619674633,0.156495363,0.256660371,0.100000000,0.130000000
10.798000000,0.384000000,0.269338542,0.669069440,0.269338542,0.669069440,0.633952057,0.145096092,0.280221123,0.621953969,0.156611214,0.254292129,0.100000000,0.130000000
10.800000000,0.392000000,0.270643606,0.635679360,0.270643606,0.635679360,0.635161195,0.145080066,0.279257424,0.623102611,0.156645815,0.253184171,0.100000000,0.130000000
10.802000000,0.400000000,0.271880000,0.600400000,0.271880000,0.600400000,0.636375029,0.145064063,0.278298658,0.624237336,0.156670350,0.252089622,0.100000000,0.130000000
10.804000000,0.408000000,0.273043946,0.563231360,0.273043946,0.563231360,0.637564014,0.145043421,0.277366778,0.624237336,0.156670350,0.252089622,0.100000000,0.130000000
10.806000000,0.416000000,0.274131666,0.524173440,0.274131666,0.524173440,0.638756180,0.145022658,0.276437233,0.625334737,0.156693797,0.250960716,0.100000000,0.130000000
10.808000000,0.424000000,0.275139380,0.483226240,0.275139380,0.483226240,0.639955146,0.145001751,0.275512029,0.627164140,0.156604501,0.249677246,0.100000000,0.130000000
10.810000000,0.432000000,0.276063311,0.440389760,0.276063311,0.440389760,0.641156266,0.144980701,0.274590209,0.628413932,0.156703560,0.247385092,0.100000000,0.130000000
10.812000000,0.440000000,0.276899680,0.395664000,0.276899680,0.395664000,0.642364133,0.144959526,0.273673778,0.629403142,0.156663107,0.246199750,0.100000000,0.130000000
10.814000000,0.448000000,0.277644708,0.349048960,0.277644708,0.349048960,0.643574382,0.144938214,0.272759786,0.630378932,0.156601218,0.245016580,0.100000000,0.130000000
10.816000000,0.456000000,0.278294616,0.300544640,0.278294616,0.300544640,0.644789795,0.144916761,0.271851217,0.631176932,0.156557218,0.244976580,0.100000000,0.130000000
10.818000000,0.464000000,0.278845627,0.250151040,0.278845627,0.250151040,0.646009807,0.144895225,0.270945160,0.631468492,0.156477045,0.242615110,0.100000000,0.130000000
10.820000000,0.472000000,0.279293961,0.197868160,0.279293961,0.197868160,0.647234246,0.144873481,0.270043739,0.632380186,0.156373736,0.241349741,0.100000000,0.130000000
10.822000000,0.480000000,0.279635840,0.143696000,0.279635840,0.143696000,0.648461674,0.144851637,0.269145494,0.634002186,0.156359036,0.241327741,0.100000000,0.130000000
10.824000000,0.488000000,0.279867485,0.087634560,0.279867485,0.087634560,0.638546185,0.154581408,0.243527807,0.634916468,0.156267800,0.240075392,0.100000000,0.130000000
10.826000000,0.496000000,0.279985119,0.029683840,0.279985119,0.029683840,0.639922623,0.154322827,0.242772515,0.635005597,0.156129775,0.238816204,0.100000000,0.130000000
10.828000000,0.504000000,0.279985516,-0.028893440,0.279972147,-0.055558400,0.641304217,0.154063448,0.242021387,0.636911071,0.155728262,0.236471270,0.100000000,0.130000000
10.830000000,0.512000000,0.279870999,-0.085320960,0.279751974,-0.164025600,0.642689887,0.153803309,0.241273519,0.637155075,0.155297127,0.235489880,0.100000000,0.130000000
10.832000000,0.520000000,0.279645440,-0.139936000,0.279318400,-0.268960000,0.644078767,0.153541959,0.240527937,0.637979075,0.155352127,0.235500880,0.100000000,0.130000000
10.834000000,0.528000000,0.279312463,-0.192738560,0.278678490,-0.370361600,0.645471887,0.153280022,0.239787408,0.639076878,0.154939768,0.234531886,0.100000000,0.130000000
10.836000000,0.536000000,0.278875694,-0.243728640,0.277839309,-0.468230400,0.646869162,0.153017223,0.239049389,0.641242848,0.154227277,0.232278923,0.100000000,0.130000000
10.838000000,0.544000000,0.278338757,-0.292906240,0.276807923,-0.562566400,0.648272068,0.152753181,0.238317694,0.642324296,0.153878258,0.231053349,0.100000000,0.130000000
10.840000000,0.552000000,0.277705277,-0.340271360,0.275591398,-0.653369600,0.649685814,0.152454864,0.237632232,0.643443455,0.153475721,0.229881678,0.100000000,0.130000000
10.842000000,0.560000000,0.276978880,-0.385824000,0.274196800,-0.740640000,0.651103289,0.152155445,0.236951050,0.644260455,0.153635721,0.229916678,0.100000000,0.130000000
10.844000000,0.568000000,0.276163190,-0.429564160,0.272631194,-0.824377600,0.652525137,0.151854728,0.236273966,0.644968479,0.152340110,0.227703178,0.100000000,0.130000000
10.846000000,0.576000000,0.275261832,-0.471491840,0.270901645,-0.904582400,0.653951050,0.151552788,0.235599811,0.646154047,0.151849337,0.226619788,0.100000000,0.130000000
10.848000000,0.584000000,0.274278431,-0.511607040,0.269015219,-0.981254400,0.655381615,0.151249668,0.234931000,0.648149236,0.151565762,0.225493617,0.100000000,0.130000000
10.850000000,0.592000000,0.273216612,-0.549909760,0.266978982,-1.054393600,0.656817500,0.150945065,0.234266005,0.648962236,0.151738562,0.225497617,0.100000000,0.130000000
10.852000000,0.600000000,0.272080000,-0.586400000,0.264800000,-1.124000000,0.658256704,0.150639579,0.233605567,0.650155729,0.151333562,0.224322345,0.100000000,0.130000000
10.854000000,0.608000000,0.270872220,-0.621077760,0.262485338,-1.190073600,0.659698769,0.150333009,0.232947772,0.651387682,0.150942249,0.223187462,0.100000000,0.130000000
10.856000000,0.616000000,0.269596897,-0.653943040,0.260042061,-1.252614400,0.661146222,0.150025153,0.232295592,0.653155415,0.149964979,0.221130532,0.100000000,0.130000000
10.858000000,0.624000000,0.268257656,-0.684995840,0.257477235,-1.311622400,0.662599246,0.149716175,0.231647896,0.653662098,0.149399919,0.220151073,0.100000000,0.130000000
10.860000000,0.632000000,0.266858122,-0.714236160,0.254797926,-1.367097600,0.664041999,0.149376793,0.231015467,0.654480098,0.149583119,0.220117073,0.100000000,0.130000000
10.862000000,0.640000000,0.265401920,-0.741664000,0.252011200,-1.419040000,0.665489787,0.149036047,0.230387501,0.656628166,0.149415503,0.219019277,0.100000000,0.130000000
10.864000000,0.648000000,0.263892675,-0.767279360,0.249124122,-1.467449600,0.666939737,0.148693832,0.229761443,0.657961001,0.149084290,0.217925627,0.100000000,0.130000000
10.866000000,0.656000000,0.262334011,-0.791082240,0.246143757,-1.512326400,0.668396374,0.148350155,0.229142504,0.659833062,0.148363993,0.215897355,0.100000000,0.130000000
10.868000000,0.664000000,0.260729554,-0.813072640,0.243077171,-1.553670400,0.669856265,0.148005349,0.228528276,0.661202958,0.148120888,0.214883071,0.100000000,0.130000000
10.870000000,0.672000000,0.259082929,-0.833250560,0.239931430,-1.591481600,0.671319965,0.147658916,0.227917050,0.662043958,0.148273888,0.214735071,0.100000000,0.130000000
10.872000000,0.680000000,0.257397760,-0.851616000,0.236713600,-1.625760000,0.672788247,0.147311071,0.227311827,0.663055438,0.147601571,0.212962115,0.100000000,0.130000000
10.874000000,0.688000000,0.255677673,-0.868168960,0.233430746,-1.656505600,0.674261719,0.146961801,0.226711215,0.665217730,0.147595151,0.211684505,0.100000000,0.130000000
10.876000000,0.696000000,0.253926292,-0.882909440,0.230089933,-1.683718400,0.675736632,0.146611345,0.226113652,0.666519162,0.147462264,0.210555399,0.100000000,0.130000000
10.878000000,0.704000000,0.252147244,-0.895837440,0.226698227,-1.707398400,0.677218382,0.146259380,0.225522367,0.666519162,0.147462264,0.210555399,0.100000000,0.130000000
10.880000000,0.712000000,0.250344151,-0.906952960,0.223262694,-1.727545600,0.678682723,0.145871842,0.224916505,0.669137933,0.147148033,0.208311907,0.100000000,0.130000000
10.882000000,0.720000000,0.248520640,-0.916256000,0.219790400,-1.744160000,0.680153934,0.145482304,0.224317921,0.670451402,0.146996429,0.207188214,0.100000000,0.130000000
10.884000000,0.728000000,0.246680335,-0.923746560,0.216288410,-1.757241600,0.681627864,0.145091162,0.223722808,0.670893663,0.146707569,0.206301562,0.100000000,0.130000000
10.886000000,0.736000000,0.244826862,-0.929424640,0.212763789,-1.766790400,0.683104609,0.144698761,0.223132527,0.673073387,0.146694181,0.204869366,0.100000000,0.130000000
10.888000000,0.744000000,0.242963845,-0.933290240,0.209223603,-1.772806400,0.684586408,0.144304502,0.222546995,0.673073387,0.146694181,0.204869366,0.100000000,0.130000000
10.890000000,0.752000000,0.241094909,-0.935343360,0.205674918,-1.775289600,0.686072278,0.143908639,0.221966397,0.675675808,0.146418963,0.202474571,0.100000000,0.130000000
10.892000000,0.760000000,0.239223680,-0.935584000,0.202124800,-1.774240000,0.687562878,0.143511166,0.221391565,0.676979293,0.146259592,0.201279860,0.100000000,0.130000000
10.894000000,0.768000000,0.237353782,-0.934012160,0.198580314,-1.769657600,0.689057071,0.143112488,0.220821093,0.678287746,0.146072114,0.200086219,0.100000000,0.130000000
10.896000000,0.776000000,0.235488840,-0.930627840,0.195048525,-1.761542400,0.690553948,0.142711940,0.220255444,0.678287746,0.146072114,0.200086219,0.100000000,0.130000000
10.898000000,0.784000000,0.233632479,-0.925431040,0.191536499,-1.749894400,0.692055758,0.142309872,0.219694826,0.680015584,0.145418106,0.197887238,0.100000000,0.130000000
10.900000000,0.792000000,0.231788324,-0.918421760,0.188051302,-1.734713600,0.693533616,0.141863161,0.219095197,0.682181725,0.145291593,0.196423603,0.100000000,0.130000000
10.902000000,0.800000000,0.229960000,-0.909600000,0.184600000,-1.716000000,0.695013009,0.141414776,0.218498115,0.683473833,0.144950215,0.195185599,0.100000000,0.130000000
10.904000000,0.808000000,0.228151132,-0.898965760,0.181189658,-1.693753600,0.696499026,0.140964507,0.217908874,0.683473833,0.144950215,0.195185599,0.100000000,0.130000000
10.906000000,0.816000000,0.226365345,-0.886519040,0.177827341,-1.667974400,0.697987631,0.140512450,0.217324820,0.686064610,0.144167241,0.192741969,0.100000000,0.130000000
10.908000000,0.824000000,0.224606264,-0.872259840,0.174520115,-1.638662400,0.699478405,0.140058721,0.216743169,0.687368868,0.143749359,0.191533453,0.100000000,0.130000000
10.910000000,0.832000000,0.222877514,-0.856188160,0.171275046,-1.605817600,0.700975717,0.139603147,0.216169616,0.687830037,0.143091618,0.190482021,0.100000000,0.130000000
10.912000000,0.840000000,0.221182720,-0.838304000,0.168099200,-1.569440000,0.702474760,0.139145972,0.215599770,0.688683037,0.143317518,0.190331021,0.100000000,0.130000000
10.914000000,0.848000000,0.219525507,-0.818607360,0.164999642,-1.529529600,0.703979687,0.138686911,0.215035814,0.690850017,0.143113875,0.188999517,0.100000000,0.130000000
10.916000000,0.856000000,0.217909499,-0.797098240,0.161983437,-1.486086400,0.705487354,0.138226229,0.214478182,0.692686703,0.141963515,0.186774052,0.100000000,0.130000000
10.918000000,0.864000000,0.216338322,-0.773776640,0.159057651,-1.439110400,0.706998365,0.137763912,0.213924362,0.694051128,0.141493051,0.185620828,0.100000000,0.130000000
10.920000000,0.872000000,0.214815601,-0.748642560,0.156229350,-1.388601600,0.708448822,0.137258550,0.213299658,0.695425839,0.141015960,0.184482662,0.100000000,0.130000000
10.922000000,0.880000000,0.213344960,-0.721696000,0.153505600,-1.334560000,0.709901796,0.136751425,0.212679849,0.695425839,0.141015960,0.184482662,0.100000000,0.130000000
10.924000000,0.888000000,0.211930025,-0.692936960,0.150893466,-1.276985600,0.711359354,0.136242301,0.212065355,0.697642264,0.140792964,0.183249501,0.100000000,0.130000000
10.926000000,0.896000000,0.210574420,-0.662365440,0.148400013,-1.215878400,0.708304633,0.142801991,0.192846620,0.699608521,0.139605539,0.181136493,0.100000000,0.130000000
10.928000000,0.904000000,0.209281772,-0.629981440,0.146032307,-1.151238400,0.710569131,0.142833706,0.192590796,0.701018287,0.139146434,0.180045012,0.100000000,0.130000000
10.930000000,0.912000000,0.208055703,-0.595784960,0.143797414,-1.083065600,0.712836655,0.142866196,0.192340883,0.702433165,0.138689143,0.178966049,0.100000000,0.130000000
10.932000000,0.920000000,0.206899840,-0.559776000,0.141702400,-1.011360000,0.715106205,0.142899485,0.192098080,0.702433165,0.138689143,0.178966049,0.100000000,0.130000000
10.934000000,0.928000000,0.205817807,-0.521954560,0.139754330,-0.936121600,0.717374651,0.142933524,0.191860371,0.704438245,0.137514969,0.176921052,0.100000000,0.130000000
10.936000000,0.936000000,0.204813230,-0.482320640,0.137960269,-0.857350400,0.719647135,0.142968414,0.191631171,0.706115756,0.137069786,0.176224172,0.100000000,0.130000000
10.938000000,0.944000000,0.203889733,-0.440874240,0.136327283,-0.775046400,0.721921547,0.143004157,0.191409118,0.707751756,0.137609586,0.176059172,0.100000000,0.130000000
10.940000000,0.952000000,0.203050941,-0.397615360,0.134862438,-0.689209600,0.723848003,0.143086161,0.191039853,0.709681607,0.137188927,0.175723284,0.100000000,0.130000000
10.942000000,0.960000000,0.202300480,-0.352544000,0.133572800,-0.599840000,0.725775808,0.143168908,0.190674004,0.712926757,0.136282768,0.175085421,0.100000000,0.130000000
10.944000000,0.968000000,0.201641974,-0.305660160,0.132465434,-0.506937600,0.727706358,0.143252556,0.190315583,0.714864786,0.136086152,0.174407679,0.100000000,0.130000000
10.946000000,0.976000000,0.201079048,-0.256963840,0.131547405,-0.410502400,0.729637906,0.143336984,0.189960748,0.715966811,0.135651602,0.173745452,0.100000000,0.130000000
10.948000000,0.984000000,0.200615327,-0.206455040,0.130825779,-0.310534400,0.731568745,0.143422154,0.189609347,0.716766811,0.135925102,0.173684452,0.100000000,0.130000000
10.950000000,0.992000000,0.200254436,-0.154133760,0.130307622,-0.207033600,0.733503285,0.143508249,0.189264376,0.719480999,0.136036675,0.173051325,0.100000000,0.130000000
10.952000000,1.000000000,0.200000000,-0.100000000,0.130000000,-0.100000000,0.735437383,0.143595235,0.188923411,0.722565552,0.135341103,0.172440395,0.100000000,0.130000000
