terrain_height_cm,contact_timing_bias_s,n_runs,n_runs_total,n_runs_excluded,success_rate,stable_rate,unstable_rate,fail_rate,outcome_majority,startup_valid_rate,late_stabilization_rate,end_only_stabilized_count,end_only_stabilized_rate_total,end_only_stabilized_rate_excluded,forward_progress_mean,forward_progress_std,lateral_progress_mean,lateral_progress_std,roll_rms_mean,roll_rms_std,pitch_rms_mean,pitch_rms_std,yaw_rms_mean,yaw_rms_std,yaw_change_deg_mean,yaw_change_deg_std,duration_mean,duration_std,time_to_failure_mean,time_to_failure_std,min_base_z_mean,min_base_z_std,base_z_std_mean,base_z_std_std,startup_gait_body_frame_forward_progress_mean,startup_gait_body_frame_forward_progress_std,distance_xy_mean,distance_xy_std,mean_forward_velocity_mean,mean_forward_velocity_std,start_z_mean,start_z_std,end_z_mean,end_z_std,delta_z_mean,delta_z_std,obs_state_norm_mean,opt_state_norm_mean,obs_input_norm_mean,opt_input_norm_mean,obs_contact_mean_fl,obs_contact_mean_fr,obs_contact_mean_rl,obs_contact_mean_rr,plan_contact_mean_fl,plan_contact_mean_fr,plan_contact_mean_rl,plan_contact_mean_rr,planned_mode_mode,obs_mode_mode
1.0,0.0,8,10,2,1.0,1.0,0.0,0.0,stable,1.0,0.0,0,0.0,0.0,1.3001,0.0367,0.0069,0.0073,0.2679,0.0096,0.9822,0.0561,0.4958,0.2397,0.7393,0.4278,22.0036,0.0015,,,0.1453,0.076,0.0217,0.0073,-0.009,0.0012,1.3001,0.0367,0.0591,0.0017,0.1418,0.075,0.0743,0.1093,-0.0675,0.0806,3.7061,3.7069,99.3987,99.4057,0.0,0.0,0.0,0.0,0.6369,0.6377,0.6377,0.6369,6,0
1.0,0.05,10,10,0,1.0,1.0,0.0,0.0,stable,1.0,0.0,0,0.0,,2.0954,0.0657,0.0565,0.0172,0.4381,0.0333,1.0876,0.0659,0.3821,0.1422,0.1504,0.4487,22.0029,0.001,,,0.1853,0.1048,0.0179,0.0098,-0.0133,0.002,2.0962,0.0657,0.0953,0.003,0.124,0.1023,0.1174,0.1612,-0.0066,0.0588,3.9151,3.9168,101.5275,101.5344,0.0,0.0,0.0,0.0,0.6383,0.6386,0.6386,0.6383,9,0
1.0,0.07,9,10,1,1.0,1.0,0.0,0.0,stable,1.0,0.0,0,0.0,0.0,2.7454,0.121,0.1033,0.0488,1.0808,0.0594,1.8029,0.1133,0.896,0.3624,1.3671,0.6225,22.0034,0.0017,,,0.1676,0.0938,0.0205,0.009,-0.0233,0.0054,2.7477,0.1205,0.1249,0.0055,0.0625,0.1169,0.1621,0.1184,0.0995,0.0482,4.1116,4.1149,106.0167,106.0237,0.0,0.0,0.0,0.0,0.6375,0.6386,0.6386,0.6375,6,0
1.0,0.08,9,10,1,1.0,1.0,0.0,0.0,stable,1.0,0.0,0,0.0,0.0,3.084,0.1477,0.0877,0.0593,1.4684,0.0515,2.2174,0.1064,0.9776,0.357,1.3689,0.7576,22.0032,0.0007,,,0.1654,0.0912,0.0209,0.0084,-0.0238,0.0082,3.0859,0.1472,0.1402,0.0067,0.0932,0.1319,0.1823,0.1342,0.0891,0.0365,4.2298,4.2338,109.5432,109.5502,0.0,0.0,0.0,0.0,0.6374,0.6378,0.6378,0.6374,9,0
1.0,0.09,10,10,0,1.0,1.0,0.0,0.0,stable,1.0,0.0,0,0.0,,3.3505,0.1051,0.0988,0.1026,1.8907,0.0587,2.7218,0.151,1.2515,0.2793,1.5048,1.3335,22.0035,0.0008,,,0.1816,0.0993,0.0201,0.0087,-0.0311,0.0062,3.3536,0.1037,0.1524,0.0047,0.1941,0.1271,0.2912,0.1237,0.0971,0.0492,4.33,4.3349,113.4862,113.4933,0.0,0.0,0.0,0.0,0.6382,0.6383,0.6383,0.6382,6,0
1.0,0.1,6,10,4,0.8333,0.8333,0.0,0.1667,stable,1.0,0.0,0,0.0,0.0,3.2613,1.0005,0.2075,0.2952,2.4895,0.1933,4.3637,0.3989,5.2472,2.7674,1.8192,7.182,19.7065,5.1361,8.2167,0.0,0.1411,0.0547,0.0291,0.0058,-0.0371,0.0041,3.2799,1.005,0.1625,0.0166,0.1847,0.1309,0.2995,0.0798,0.1148,0.0692,4.3745,4.3793,122.3665,122.376,0.0,0.0,0.0,0.0,0.6477,0.6422,0.6422,0.6477,9,0
1.0,0.12,3,10,7,0.3333,0.3333,0.0,0.6667,fail,1.0,0.0,0,0.0,0.0,2.0824,0.8003,0.569,0.9184,6.9242,2.5027,7.8281,0.5863,12.2558,4.3506,-10.5891,23.664,16.9155,4.6407,14.3667,3.5867,0.1166,0.0,0.0479,0.0062,-0.0638,0.005,2.4273,0.5025,0.1513,0.0379,0.1829,0.1298,0.1857,0.0665,0.0028,0.091,4.211,4.2172,157.2582,157.3259,0.0,0.0,0.0,0.0,0.6201,0.6161,0.6161,0.6201,9,0
1.0,0.15,0,10,10,,,,,none,,,0,0.0,0.0,,,,,,,,,,,,,,,,,,,,,,,,,,,,,,,,,,,,,,,,,,,,,,
3.0,0.0,9,10,1,1.0,1.0,0.0,0.0,stable,1.0,0.0,0,0.0,0.0,1.3607,0.0155,0.0271,0.0117,0.4407,0.0164,0.9692,0.0569,1.2494,0.2749,2.0052,0.4564,22.0033,0.0006,,,0.1419,0.0715,0.0223,0.0068,-0.0087,0.0019,1.3611,0.0154,0.0619,0.0007,0.2471,0.0877,0.3235,0.0984,0.0764,0.011,3.6428,3.6438,99.4403,99.4472,0.0,0.0,0.0,0.0,0.6378,0.6386,0.6386,0.6378,6,0
3.0,0.05,10,10,0,1.0,1.0,0.0,0.0,stable,1.0,0.0,0,0.0,,2.1402,0.0486,0.056,0.0396,0.5701,0.0264,1.1651,0.0359,0.7751,0.3949,1.086,0.8178,22.0036,0.0006,,,0.1842,0.1032,0.0183,0.0091,-0.0179,0.0038,2.1413,0.0485,0.0973,0.0022,0.1391,0.1388,0.2165,0.1436,0.0774,0.0217,3.8489,3.8511,102.2572,102.2642,0.0,0.0,0.0,0.0,0.6385,0.6383,0.6383,0.6385,9,0
3.0,0.07,10,10,0,1.0,1.0,0.0,0.0,stable,1.0,0.0,0,0.0,,2.5943,0.0584,0.0751,0.0936,1.0449,0.0302,1.7691,0.0695,0.8922,0.4855,0.8652,1.2078,22.0033,0.0006,,,0.1366,0.06,0.0235,0.0057,-0.0254,0.005,2.5971,0.0573,0.118,0.0026,0.1101,0.1346,0.2253,0.1147,0.1151,0.0433,4.0141,4.0175,107.1715,107.1786,0.0,0.0,0.0,0.0,0.6377,0.638,0.638,0.6377,9,0
3.0,0.08,10,10,0,1.0,1.0,0.0,0.0,stable,1.0,0.0,0,0.0,,2.7611,0.0461,0.1363,0.1987,1.3503,0.0491,2.1771,0.1268,1.2743,0.6817,1.6593,1.5545,22.0033,0.0013,,,0.1498,0.0666,0.0225,0.0062,-0.0284,0.0056,2.7716,0.0467,0.126,0.0021,0.1393,0.1389,0.3003,0.0988,0.161,0.1126,4.0899,4.0941,110.4006,110.4076,0.0,0.0,0.0,0.0,0.6378,0.6373,0.6373,0.6378,9,0
3.0,0.09,9,10,1,0.7778,0.7778,0.0,0.2222,stable,1.0,0.0,0,0.0,0.0,2.6217,0.7141,0.1638,0.3907,1.8345,0.24,3.0021,0.4626,2.3498,1.5751,2.6338,3.7636,19.0757,5.4768,8.8196,0.232,0.148,0.0587,0.0246,0.0053,-0.0405,0.0047,2.6515,0.7294,0.14,0.0051,0.2457,0.0872,0.3118,0.102,0.0661,0.0264,4.1268,4.1317,115.6185,115.6287,0.0,0.0,0.0,0.0,0.646,0.6416,0.6416,0.646,6,0
3.0,0.1,7,10,3,0.5714,0.5714,0.0,0.4286,stable,1.0,0.0,0,0.0,0.0,2.5491,1.1019,-0.2039,0.7748,3.9038,3.7818,4.9207,2.0402,5.2292,4.3252,2.9374,8.9308,16.8826,6.1043,10.0511,2.3143,0.1588,0.0666,0.0309,0.0159,-0.0508,0.0039,2.6836,1.0735,0.1555,0.0208,0.2393,0.0983,0.292,0.0826,0.0527,0.0869,4.1936,4.1993,129.4372,129.4541,0.0,0.0,0.0,0.0,0.6488,0.6402,0.6402,0.6488,9,0
3.0,0.12,8,10,2,0.375,0.125,0.25,0.625,fail,1.0,0.0,0,0.0,0.0,1.8974,0.7938,0.3296,0.6442,9.5732,3.9353,9.2213,1.5173,16.3365,9.5907,-11.0562,22.201,15.665,5.3598,11.8491,2.7178,0.1166,0.0,0.0579,0.0106,-0.0745,0.0072,2.0397,0.7704,0.1306,0.0282,0.2442,0.0921,0.2073,0.1037,-0.0369,0.0911,4.1682,4.1756,164.4188,164.4603,0.0,0.0,0.0,0.0,0.6412,0.6252,0.6252,0.6412,9,0
3.0,0.15,1,10,9,0.0,0.0,0.0,1.0,fail,1.0,0.0,0,0.0,0.0,1.9728,0.0,0.6838,0.0,8.6117,0.0,9.705,0.0,15.1839,0.0,12.4759,0.0,18.0219,0.0,18.0176,0.0,0.1166,0.0,0.0517,0.0,-0.1338,0.0,2.0879,0.0,0.1159,0.0,0.2792,0.0,0.2401,0.0,-0.0391,0.0,4.36,4.3685,176.3533,176.3885,0.0,0.0,0.0,0.0,0.5806,0.582,0.582,0.5806,6,0
5.0,0.0,9,11,2,1.0,1.0,0.0,0.0,stable,1.0,0.0,0,0.0,0.0,1.4287,0.021,0.0448,0.0185,0.7045,0.0264,0.9178,0.0578,1.9773,0.3453,3.0037,0.5426,22.0021,0.0004,,,0.2159,0.1107,0.0148,0.0087,-0.0081,0.0018,1.4296,0.0207,0.065,0.0009,0.1258,0.1398,0.1895,0.1464,0.0637,0.0127,3.5778,3.5788,99.8468,99.8537,0.0,0.0,0.0,0.0,0.6376,0.6375,0.6375,0.6376,9,0
5.0,0.05,10,11,1,1.0,1.0,0.0,0.0,stable,1.0,0.0,0,0.0,0.0,2.2486,0.115,0.013,0.1256,0.8395,0.0217,1.3569,0.1324,1.299,1.8911,-0.508,3.0042,22.0021,0.0003,,,0.1368,0.06,0.0221,0.0051,-0.0169,0.0032,2.2524,0.1094,0.1024,0.005,0.1689,0.138,0.2425,0.1371,0.0736,0.0268,3.7924,3.7946,103.9922,103.9992,0.0,0.0,0.0,0.0,0.6377,0.6369,0.6369,0.6377,9,0
5.0,0.07,10,13,3,1.0,1.0,0.0,0.0,stable,1.0,0.0,0,0.0,0.0,2.7088,0.0247,0.3148,0.1688,1.2637,0.0217,2.0655,0.0436,1.8796,0.4583,2.6284,1.6105,22.0022,0.0003,,,0.1167,0.0003,0.0252,0.0017,-0.0249,0.0028,2.7322,0.0263,0.1242,0.0012,0.0282,0.0847,0.2862,0.1173,0.258,0.1311,3.9764,3.9799,110.3048,110.3115,0.0,0.0,0.0,0.0,0.6369,0.637,0.637,0.6369,9,0
5.0,0.08,10,11,1,1.0,1.0,0.0,0.0,stable,1.0,0.0,0,0.0,0.0,2.8994,0.0996,-0.3379,0.6429,1.5922,0.1561,2.5662,0.4618,2.9046,3.4627,0.3127,6.3086,22.0022,0.0003,,,0.1498,0.0627,0.0236,0.0058,-0.0264,0.004,2.9881,0.1233,0.1358,0.0056,0.2814,0.0009,0.3528,0.0006,0.0714,0.0015,4.0752,4.079,114.7184,114.7264,0.0,0.0,0.0,0.0,0.6371,0.637,0.637,0.6371,9,0
5.0,0.09,10,11,1,0.9,0.9,0.0,0.1,stable,1.0,0.0,0,0.0,0.0,2.9073,0.5803,0.6535,0.64,2.7346,1.7708,4.021,1.5717,9.7297,12.6296,5.9642,18.8453,20.88,3.3663,10.7632,0.0,0.1168,0.0004,0.0321,0.0086,-0.033,0.0045,3.042,0.6099,0.145,0.0137,0.2258,0.1126,0.2973,0.0903,0.0715,0.0432,4.1413,4.1452,126.5209,126.5353,0.0,0.0,0.0,0.0,0.6376,0.6366,0.6366,0.6376,9,0
5.0,0.1,10,12,2,0.7,0.6,0.1,0.3,stable,1.0,0.0,0,0.0,0.0,2.8455,0.9903,0.5244,0.7733,6.0827,5.021,5.684,1.7781,12.4327,16.1744,10.8052,23.5036,18.7558,5.0109,11.175,1.3151,0.1158,0.0029,0.047,0.0184,-0.0394,0.0049,3.0123,0.9364,0.1584,0.0183,0.2252,0.1127,0.2964,0.1357,0.0712,0.1743,4.2838,4.2884,145.9604,145.9867,0.0,0.0,0.0,0.0,0.637,0.6332,0.6332,0.637,6,0
5.0,0.12,3,12,9,0.0,0.0,0.0,1.0,fail,1.0,0.0,0,0.0,0.0,0.7767,0.3454,0.7574,0.4737,10.3646,2.9846,9.3128,1.0678,15.1004,7.0933,17.1951,52.4387,11.0209,0.7778,11.0131,0.7752,0.1166,0.0,0.067,0.011,-0.068,0.0016,1.2298,0.0912,0.1116,0.0018,0.282,0.0004,0.2002,0.0534,-0.0818,0.053,4.0639,4.0697,181.5741,181.6294,0.0,0.0,0.0,0.0,0.6333,0.624,0.624,0.6333,9,0
5.0,0.15,1,11,10,0.0,0.0,0.0,1.0,fail,1.0,0.0,0,0.0,0.0,0.7181,0.0,-0.4033,0.0,12.2253,0.0,7.5989,0.0,6.4797,0.0,14.8104,0.0,8.1006,0.0,8.0878,0.0,0.1166,0.0,0.062,0.0,-0.1301,0.0,0.8236,0.0,0.1017,0.0,0.0006,0.0,0.2502,0.0,0.2495,0.0,4.0802,4.0834,153.9497,154.0486,0.0,0.0,0.0,0.0,0.6987,0.657,0.657,0.6987,15,0
5.0,1.0,0,2,2,,,,,none,,,0,0.0,0.0,,,,,,,,,,,,,,,,,,,,,,,,,,,,,,,,,,,,,,,,,,,,,,
5.0,10.0,0,1,1,,,,,none,,,0,0.0,0.0,,,,,,,,,,,,,,,,,,,,,,,,,,,,,,,,,,,,,,,,,,,,,,
7.0,0.0,8,10,2,1.0,1.0,0.0,0.0,stable,1.0,0.0,0,0.0,0.0,1.4651,0.0628,0.0016,0.0551,0.7626,0.0896,1.0475,0.15,2.152,0.4773,0.8884,3.2681,22.0048,0.0014,,,0.1412,0.065,0.0259,0.0088,-0.0078,0.004,1.4661,0.0631,0.0666,0.0029,0.2056,0.1185,0.2756,0.1224,0.07,0.0096,3.5086,3.51,99.8733,99.8807,0.0,0.0,0.0,0.0,0.6353,0.6352,0.6352,0.6353,9,0
7.0,0.05,7,10,3,1.0,1.0,0.0,0.0,stable,1.0,0.0,0,0.0,0.0,2.2071,0.0436,0.0407,0.0567,0.9723,0.0505,1.332,0.0585,1.1126,0.3983,0.75,1.2602,22.0032,0.0009,,,0.1967,0.0926,0.0195,0.0076,-0.0174,0.0025,2.2082,0.0435,0.1004,0.002,0.1991,0.1256,0.2656,0.1273,0.0665,0.0154,3.7075,3.7103,104.1389,104.1459,0.0,0.0,0.0,0.0,0.6383,0.6379,0.6379,0.6383,9,0
7.0,0.07,10,10,0,0.7,0.6,0.1,0.3,stable,1.0,0.0,0,0.0,,2.3195,0.8243,0.1344,0.2586,2.2706,1.3123,3.3785,1.2553,2.8026,3.2823,2.6421,5.4047,18.0689,6.011,8.8742,0.1778,0.1586,0.0654,0.0264,0.0096,-0.0255,0.0028,2.335,0.832,0.1281,0.0087,0.222,0.1111,0.3172,0.0404,0.0952,0.0757,3.9192,3.9237,112.9004,112.9087,0.0,0.0,0.0,0.0,0.6482,0.6416,0.6416,0.6482,9,0
7.0,0.08,8,10,2,0.75,0.625,0.125,0.25,stable,1.0,0.0,0,0.0,0.0,2.3983,0.6629,0.0108,0.8687,3.688,3.473,4.2018,2.0292,16.9956,25.2864,10.2091,40.2223,18.8733,5.4404,9.4718,0.8754,0.1303,0.0505,0.0369,0.0186,-0.0287,0.0061,2.5249,0.7555,0.1345,0.0147,0.2421,0.091,0.3652,0.0654,0.1231,0.156,4.0028,4.0091,122.2229,122.2465,0.0,0.0,0.0,0.0,0.645,0.6382,0.6382,0.645,9,0
7.0,0.09,8,10,2,0.75,0.75,0.0,0.25,stable,1.0,0.0,0,0.0,0.0,2.6461,0.8871,0.1407,0.8782,2.0814,0.1208,3.7049,0.1647,4.3706,2.6765,0.1444,8.6023,18.5533,5.9767,8.1819,0.0206,0.1502,0.0582,0.0295,0.0074,-0.035,0.0073,2.7687,0.9561,0.1471,0.0067,0.2438,0.092,0.3125,0.057,0.0687,0.0422,4.0631,4.0686,121.5579,121.569,0.0,0.0,0.0,0.0,0.6495,0.6428,0.6428,0.6495,6,0
7.0,0.1,6,10,4,0.6667,0.6667,0.0,0.3333,stable,1.0,0.0,0,0.0,0.0,2.5961,0.7788,0.3734,0.3973,4.8924,4.3975,5.8481,2.4795,7.546,6.6221,21.7033,31.1426,18.0127,5.7567,10.0179,1.9646,0.1107,0.0132,0.0454,0.0184,-0.0462,0.0033,2.6609,0.7505,0.1508,0.0108,0.2312,0.1035,0.2476,0.1065,0.0164,0.0905,4.0935,4.0998,138.9081,138.9323,0.0,0.0,0.0,0.0,0.6488,0.6343,0.6343,0.6488,9,0
7.0,0.12,8,10,2,0.375,0.0,0.375,0.625,fail,1.0,0.0,0,0.0,0.0,2.1821,0.8541,-0.2866,1.4871,9.5441,3.1182,7.8495,1.401,11.7494,8.6501,-10.8862,35.3784,16.6173,4.8778,13.3733,3.1984,0.1057,0.0109,0.0674,0.0108,-0.0738,0.0127,2.6427,0.895,0.1562,0.0158,0.2426,0.0915,0.1883,0.101,-0.0543,0.184,4.2108,4.2174,177.0808,177.1501,0.0,0.0,0.0,0.0,0.6238,0.6184,0.6184,0.6238,9,0
7.0,0.15,0,10,10,,,,,none,,,0,0.0,0.0,,,,,,,,,,,,,,,,,,,,,,,,,,,,,,,,,,,,,,,,,,,,,,
9.0,0.0,10,10,0,1.0,1.0,0.0,0.0,stable,1.0,0.0,0,0.0,,1.5396,0.0238,0.0246,0.0786,0.9244,0.0468,0.8904,0.0649,1.9559,0.6897,1.0641,2.7978,22.0037,0.0014,,,0.196,0.0972,0.0196,0.0066,-0.0076,0.0012,1.5418,0.0226,0.0701,0.001,0.1959,0.1283,0.2713,0.1025,0.0755,0.0262,3.4476,3.4492,100.1121,100.119,0.0,0.0,0.0,0.0,0.6382,0.6385,0.6385,0.6382,6,0
9.0,0.05,9,10,1,1.0,1.0,0.0,0.0,stable,1.0,0.0,0,0.0,0.0,2.2059,0.0882,0.1486,0.1431,1.0829,0.052,1.4982,0.1962,2.9608,1.8236,3.1237,3.3016,22.003,0.001,,,0.1347,0.0511,0.0249,0.0035,-0.0187,0.0029,2.216,0.0753,0.1007,0.0034,0.0925,0.1307,0.203,0.1061,0.1105,0.0591,3.6299,3.6331,105.1036,105.1106,0.0,0.0,0.0,0.0,0.638,0.638,0.638,0.638,9,0
9.0,0.07,9,10,1,0.6667,0.6667,0.0,0.3333,stable,1.0,0.0,0,0.0,0.0,2.2549,0.8737,0.0687,0.3973,1.9707,0.325,3.076,0.458,3.5377,2.4799,-0.6844,6.1275,17.5911,6.2396,8.7602,0.1714,0.1651,0.0683,0.0266,0.0078,-0.024,0.0055,2.2837,0.8917,0.1275,0.0092,0.2155,0.1153,0.301,0.0701,0.0855,0.0852,3.86,3.865,113.3036,113.3139,0.0,0.0,0.0,0.0,0.6509,0.6434,0.6434,0.6509,9,0
9.0,0.08,9,10,1,0.8889,0.7778,0.1111,0.1111,stable,1.0,0.0,0,0.0,0.0,2.8239,0.6566,0.245,0.9527,2.4886,1.0517,4.1035,0.9427,8.6579,9.8668,7.8167,15.0117,20.4759,4.3187,8.2546,0.0,0.1297,0.048,0.0331,0.0077,-0.0335,0.0058,2.9775,0.7126,0.1437,0.0101,0.2465,0.0871,0.3193,0.0451,0.0728,0.0428,3.987,3.9924,119.8606,119.8693,0.0,0.0,0.0,0.0,0.643,0.6394,0.6394,0.643,9,0
9.0,0.09,8,10,2,0.875,0.875,0.0,0.125,stable,1.0,0.0,0,0.0,0.0,2.8152,0.7831,0.0313,0.9317,3.0598,2.3337,4.6446,2.0193,6.446,10.5003,-6.1487,16.4166,20.5582,3.8239,10.4401,0.0,0.1106,0.0114,0.0397,0.0117,-0.0416,0.0039,2.9664,0.7798,0.1413,0.0202,0.2795,0.0012,0.3177,0.0497,0.0382,0.0504,4.0374,4.044,129.8562,129.8737,0.0,0.0,0.0,0.0,0.6407,0.6358,0.6358,0.6407,6,0
9.0,0.1,5,10,5,1.0,1.0,0.0,0.0,stable,1.0,0.0,0,0.0,0.0,3.1858,0.095,0.1628,0.3527,2.3474,0.2045,4.3828,0.4119,3.4635,1.3017,1.1156,2.9118,22.0029,0.0008,,,0.1166,0.0,0.0381,0.0012,-0.0424,0.0034,3.2093,0.0994,0.1459,0.0045,0.2779,0.0039,0.3379,0.0004,0.06,0.0037,4.057,4.0628,132.0995,132.1066,0.0,0.0,0.0,0.0,0.6379,0.6375,0.6375,0.6379,9,0
9.0,0.12,1,10,9,0.0,0.0,0.0,1.0,fail,1.0,0.0,0,0.0,0.0,1.6094,0.0,0.0425,0.0,18.8665,0.0,9.1119,0.0,33.5598,0.0,-80.2407,0.0,9.281,0.0,9.2732,0.0,0.0808,0.0,0.1064,0.0,-0.0603,0.0,1.61,0.0,0.1735,0.0,0.2795,0.0,0.1101,0.0,-0.1693,0.0,4.2653,4.277,201.7949,201.8585,0.0,0.0,0.0,0.0,0.659,0.6566,0.6566,0.659,9,0
9.0,0.15,0,10,10,,,,,none,,,0,0.0,0.0,,,,,,,,,,,,,,,,,,,,,,,,,,,,,,,,,,,,,,,,,,,,,,
