terrain_height_cm,contact_timing_bias_s,n_runs,n_runs_total,n_runs_excluded,outcome_majority,success_rate,stable_rate,unstable_rate,fail_rate,startup_valid_rate,late_stabilization_rate,end_only_stabilized_count,end_only_stabilized_rate_total,end_only_stabilized_rate_excluded,forward_progress_mean,forward_progress_std,lateral_progress_mean,lateral_progress_std,roll_rms_mean,roll_rms_std,pitch_rms_mean,pitch_rms_std,yaw_rms_mean,yaw_rms_std,duration_mean,duration_std,time_to_failure_mean,time_to_failure_std,min_base_z_mean,min_base_z_std,start_z_mean,end_z_mean,delta_z_mean,obs_state_norm_mean,opt_state_norm_mean,obs_input_norm_mean,opt_input_norm_mean,planned_mode_mode,obs_mode_mode
1.0,0.0,8,10,2,stable,1.0,1.0,0.0,0.0,1.0,0.0,0,0.0,0.0,1.3001,0.0367,0.0069,0.0073,0.2679,0.0096,0.9822,0.0561,0.4958,0.2397,22.0036,0.0015,,,0.1453,0.076,0.1418,0.0743,-0.0675,3.7061,3.7069,99.3987,99.4057,6,0
1.0,0.05,10,10,0,stable,1.0,1.0,0.0,0.0,1.0,0.0,0,0.0,,2.0954,0.0657,0.0565,0.0172,0.4381,0.0333,1.0876,0.0659,0.3821,0.1422,22.0029,0.001,,,0.1853,0.1048,0.124,0.1174,-0.0066,3.9151,3.9168,101.5275,101.5344,9,0
1.0,0.07,9,10,1,stable,1.0,1.0,0.0,0.0,1.0,0.0,0,0.0,0.0,2.7454,0.121,0.1033,0.0488,1.0808,0.0594,1.8029,0.1133,0.896,0.3624,22.0034,0.0017,,,0.1676,0.0938,0.0625,0.1621,0.0995,4.1116,4.1149,106.0167,106.0237,6,0
1.0,0.08,9,10,1,stable,1.0,1.0,0.0,0.0,1.0,0.0,0,0.0,0.0,3.084,0.1477,0.0877,0.0593,1.4684,0.0515,2.2174,0.1064,0.9776,0.357,22.0032,0.0007,,,0.1654,0.0912,0.0932,0.1823,0.0891,4.2298,4.2338,109.5432,109.5502,9,0
1.0,0.09,10,10,0,stable,1.0,1.0,0.0,0.0,1.0,0.0,0,0.0,,3.3505,0.1051,0.0988,0.1026,1.8907,0.0587,2.7218,0.151,1.2515,0.2793,22.0035,0.0008,,,0.1816,0.0993,0.1941,0.2912,0.0971,4.33,4.3349,113.4862,113.4933,6,0
1.0,0.1,6,10,4,stable,0.8333,0.8333,0.0,0.1667,1.0,0.0,0,0.0,0.0,3.2613,1.0005,0.2075,0.2952,2.4895,0.1933,4.3637,0.3989,5.2472,2.7674,19.7065,5.1361,8.2167,0.0,0.1411,0.0547,0.1847,0.2995,0.1148,4.3745,4.3793,122.3665,122.376,9,0
1.0,0.12,3,10,7,fail,0.3333,0.3333,0.0,0.6667,1.0,0.0,0,0.0,0.0,2.0824,0.8003,0.569,0.9184,6.9242,2.5027,7.8281,0.5863,12.2558,4.3506,16.9155,4.6407,14.3667,3.5867,0.1166,0.0,0.1829,0.1857,0.0028,4.211,4.2172,157.2582,157.3259,9,0
1.0,0.15,0,10,10,none,,,,,,,0,0.0,0.0,,,,,,,,,,,,,,,,,,,,,,,,,
3.0,0.0,9,10,1,stable,1.0,1.0,0.0,0.0,1.0,0.0,0,0.0,0.0,1.3607,0.0155,0.0271,0.0117,0.4407,0.0164,0.9692,0.0569,1.2494,0.2749,22.0033,0.0006,,,0.1419,0.0715,0.2471,0.3235,0.0764,3.6428,3.6438,99.4403,99.4472,6,0
3.0,0.05,10,10,0,stable,1.0,1.0,0.0,0.0,1.0,0.0,0,0.0,,2.1402,0.0486,0.056,0.0396,0.5701,0.0264,1.1651,0.0359,0.7751,0.3949,22.0036,0.0006,,,0.1842,0.1032,0.1391,0.2165,0.0774,3.8489,3.8511,102.2572,102.2642,9,0
3.0,0.07,10,10,0,stable,1.0,1.0,0.0,0.0,1.0,0.0,0,0.0,,2.5943,0.0584,0.0751,0.0936,1.0449,0.0302,1.7691,0.0695,0.8922,0.4855,22.0033,0.0006,,,0.1366,0.06,0.1101,0.2253,0.1151,4.0141,4.0175,107.1715,107.1786,9,0
3.0,0.08,10,10,0,stable,1.0,1.0,0.0,0.0,1.0,0.0,0,0.0,,2.7611,0.0461,0.1363,0.1987,1.3503,0.0491,2.1771,0.1268,1.2743,0.6817,22.0033,0.0013,,,0.1498,0.0666,0.1393,0.3003,0.161,4.0899,4.0941,110.4006,110.4076,9,0
3.0,0.09,9,10,1,stable,0.7778,0.7778,0.0,0.2222,1.0,0.0,0,0.0,0.0,2.6217,0.7141,0.1638,0.3907,1.8345,0.24,3.0021,0.4626,2.3498,1.5751,19.0757,5.4768,8.8196,0.232,0.148,0.0587,0.2457,0.3118,0.0661,4.1268,4.1317,115.6185,115.6287,6,0
3.0,0.1,7,10,3,stable,0.5714,0.5714,0.0,0.4286,1.0,0.0,0,0.0,0.0,2.5491,1.1019,-0.2039,0.7748,3.9038,3.7818,4.9207,2.0402,5.2292,4.3252,16.8826,6.1043,10.0511,2.3143,0.1588,0.0666,0.2393,0.292,0.0527,4.1936,4.1993,129.4372,129.4541,9,0
3.0,0.12,8,10,2,fail,0.375,0.125,0.25,0.625,1.0,0.0,0,0.0,0.0,1.8974,0.7938,0.3296,0.6442,9.5732,3.9353,9.2213,1.5173,16.3365,9.5907,15.665,5.3598,11.8491,2.7178,0.1166,0.0,0.2442,0.2073,-0.0369,4.1682,4.1756,164.4188,164.4603,9,0
3.0,0.15,1,10,9,fail,0.0,0.0,0.0,1.0,1.0,0.0,0,0.0,0.0,1.9728,0.0,0.6838,0.0,8.6117,0.0,9.705,0.0,15.1839,0.0,18.0219,0.0,18.0176,0.0,0.1166,0.0,0.2792,0.2401,-0.0391,4.36,4.3685,176.3533,176.3885,6,0
5.0,0.0,9,11,2,stable,1.0,1.0,0.0,0.0,1.0,0.0,0,0.0,0.0,1.4287,0.021,0.0448,0.0185,0.7045,0.0264,0.9178,0.0578,1.9773,0.3453,22.0021,0.0004,,,0.2159,0.1107,0.1258,0.1895,0.0637,3.5778,3.5788,99.8468,99.8537,9,0
5.0,0.05,10,11,1,stable,1.0,1.0,0.0,0.0,1.0,0.0,0,0.0,0.0,2.2486,0.115,0.013,0.1256,0.8395,0.0217,1.3569,0.1324,1.299,1.8911,22.0021,0.0003,,,0.1368,0.06,0.1689,0.2425,0.0736,3.7924,3.7946,103.9922,103.9992,9,0
5.0,0.07,10,13,3,stable,1.0,1.0,0.0,0.0,1.0,0.0,0,0.0,0.0,2.7088,0.0247,0.3148,0.1688,1.2637,0.0217,2.0655,0.0436,1.8796,0.4583,22.0022,0.0003,,,0.1167,0.0003,0.0282,0.2862,0.258,3.9764,3.9799,110.3048,110.3115,9,0
5.0,0.08,10,11,1,stable,1.0,1.0,0.0,0.0,1.0,0.0,0,0.0,0.0,2.8994,0.0996,-0.3379,0.6429,1.5922,0.1561,2.5662,0.4618,2.9046,3.4627,22.0022,0.0003,,,0.1498,0.0627,0.2814,0.3528,0.0714,4.0752,4.079,114.7184,114.7264,9,0
5.0,0.09,10,11,1,stable,0.9,0.9,0.0,0.1,1.0,0.0,0,0.0,0.0,2.9073,0.5803,0.6535,0.64,2.7346,1.7708,4.021,1.5717,9.7297,12.6296,20.88,3.3663,10.7632,0.0,0.1168,0.0004,0.2258,0.2973,0.0715,4.1413,4.1452,126.5209,126.5353,9,0
5.0,0.1,10,12,2,stable,0.7,0.6,0.1,0.3,1.0,0.0,0,0.0,0.0,2.8455,0.9903,0.5244,0.7733,6.0827,5.021,5.684,1.7781,12.4327,16.1744,18.7558,5.0109,11.175,1.3151,0.1158,0.0029,0.2252,0.2964,0.0712,4.2838,4.2884,145.9604,145.9867,6,0
5.0,0.12,3,12,9,fail,0.0,0.0,0.0,1.0,1.0,0.0,0,0.0,0.0,0.7767,0.3454,0.7574,0.4737,10.3646,2.9846,9.3128,1.0678,15.1004,7.0933,11.0209,0.7778,11.0131,0.7752,0.1166,0.0,0.282,0.2002,-0.0818,4.0639,4.0697,181.5741,181.6294,9,0
5.0,0.15,1,11,10,fail,0.0,0.0,0.0,1.0,1.0,0.0,0,0.0,0.0,0.7181,0.0,-0.4033,0.0,12.2253,0.0,7.5989,0.0,6.4797,0.0,8.1006,0.0,8.0878,0.0,0.1166,0.0,0.0006,0.2502,0.2495,4.0802,4.0834,153.9497,154.0486,15,0
5.0,1.0,0,2,2,none,,,,,,,0,0.0,0.0,,,,,,,,,,,,,,,,,,,,,,,,,
5.0,10.0,0,1,1,none,,,,,,,0,0.0,0.0,,,,,,,,,,,,,,,,,,,,,,,,,
7.0,0.0,8,10,2,stable,1.0,1.0,0.0,0.0,1.0,0.0,0,0.0,0.0,1.4651,0.0628,0.0016,0.0551,0.7626,0.0896,1.0475,0.15,2.152,0.4773,22.0048,0.0014,,,0.1412,0.065,0.2056,0.2756,0.07,3.5086,3.51,99.8733,99.8807,9,0
7.0,0.05,7,10,3,stable,1.0,1.0,0.0,0.0,1.0,0.0,0,0.0,0.0,2.2071,0.0436,0.0407,0.0567,0.9723,0.0505,1.332,0.0585,1.1126,0.3983,22.0032,0.0009,,,0.1967,0.0926,0.1991,0.2656,0.0665,3.7075,3.7103,104.1389,104.1459,9,0
7.0,0.07,10,10,0,stable,0.7,0.6,0.1,0.3,1.0,0.0,0,0.0,,2.3195,0.8243,0.1344,0.2586,2.2706,1.3123,3.3785,1.2553,2.8026,3.2823,18.0689,6.011,8.8742,0.1778,0.1586,0.0654,0.222,0.3172,0.0952,3.9192,3.9237,112.9004,112.9087,9,0
7.0,0.08,8,10,2,stable,0.75,0.625,0.125,0.25,1.0,0.0,0,0.0,0.0,2.3983,0.6629,0.0108,0.8687,3.688,3.473,4.2018,2.0292,16.9956,25.2864,18.8733,5.4404,9.4718,0.8754,0.1303,0.0505,0.2421,0.3652,0.1231,4.0028,4.0091,122.2229,122.2465,9,0
7.0,0.09,8,10,2,stable,0.75,0.75,0.0,0.25,1.0,0.0,0,0.0,0.0,2.6461,0.8871,0.1407,0.8782,2.0814,0.1208,3.7049,0.1647,4.3706,2.6765,18.5533,5.9767,8.1819,0.0206,0.1502,0.0582,0.2438,0.3125,0.0687,4.0631,4.0686,121.5579,121.569,6,0
7.0,0.1,6,10,4,stable,0.6667,0.6667,0.0,0.3333,1.0,0.0,0,0.0,0.0,2.5961,0.7788,0.3734,0.3973,4.8924,4.3975,5.8481,2.4795,7.546,6.6221,18.0127,5.7567,10.0179,1.9646,0.1107,0.0132,0.2312,0.2476,0.0164,4.0935,4.0998,138.9081,138.9323,9,0
7.0,0.12,8,10,2,fail,0.375,0.0,0.375,0.625,1.0,0.0,0,0.0,0.0,2.1821,0.8541,-0.2866,1.4871,9.5441,3.1182,7.8495,1.401,11.7494,8.6501,16.6173,4.8778,13.3733,3.1984,0.1057,0.0109,0.2426,0.1883,-0.0543,4.2108,4.2174,177.0808,177.1501,9,0
7.0,0.15,0,10,10,none,,,,,,,0,0.0,0.0,,,,,,,,,,,,,,,,,,,,,,,,,
9.0,0.0,10,10,0,stable,1.0,1.0,0.0,0.0,1.0,0.0,0,0.0,,1.5396,0.0238,0.0246,0.0786,0.9244,0.0468,0.8904,0.0649,1.9559,0.6897,22.0037,0.0014,,,0.196,0.0972,0.1959,0.2713,0.0755,3.4476,3.4492,100.1121,100.119,6,0
9.0,0.05,9,10,1,stable,1.0,1.0,0.0,0.0,1.0,0.0,0,0.0,0.0,2.2059,0.0882,0.1486,0.1431,1.0829,0.052,1.4982,0.1962,2.9608,1.8236,22.003,0.001,,,0.1347,0.0511,0.0925,0.203,0.1105,3.6299,3.6331,105.1036,105.1106,9,0
9.0,0.07,9,10,1,stable,0.6667,0.6667,0.0,0.3333,1.0,0.0,0,0.0,0.0,2.2549,0.8737,0.0687,0.3973,1.9707,0.325,3.076,0.458,3.5377,2.4799,17.5911,6.2396,8.7602,0.1714,0.1651,0.0683,0.2155,0.301,0.0855,3.86,3.865,113.3036,113.3139,9,0
9.0,0.08,9,10,1,stable,0.8889,0.7778,0.1111,0.1111,1.0,0.0,0,0.0,0.0,2.8239,0.6566,0.245,0.9527,2.4886,1.0517,4.1035,0.9427,8.6579,9.8668,20.4759,4.3187,8.2546,0.0,0.1297,0.048,0.2465,0.3193,0.0728,3.987,3.9924,119.8606,119.8693,9,0
9.0,0.09,8,10,2,stable,0.875,0.875,0.0,0.125,1.0,0.0,0,0.0,0.0,2.8152,0.7831,0.0313,0.9317,3.0598,2.3337,4.6446,2.0193,6.446,10.5003,20.5582,3.8239,10.4401,0.0,0.1106,0.0114,0.2795,0.3177,0.0382,4.0374,4.044,129.8562,129.8737,6,0
9.0,0.1,5,10,5,stable,1.0,1.0,0.0,0.0,1.0,0.0,0,0.0,0.0,3.1858,0.095,0.1628,0.3527,2.3474,0.2045,4.3828,0.4119,3.4635,1.3017,22.0029,0.0008,,,0.1166,0.0,0.2779,0.3379,0.06,4.057,4.0628,132.0995,132.1066,9,0
9.0,0.12,1,10,9,fail,0.0,0.0,0.0,1.0,1.0,0.0,0,0.0,0.0,1.6094,0.0,0.0425,0.0,18.8665,0.0,9.1119,0.0,33.5598,0.0,9.281,0.0,9.2732,0.0,0.0808,0.0,0.2795,0.1101,-0.1693,4.2653,4.277,201.7949,201.8585,9,0
9.0,0.15,0,10,10,none,,,,,,,0,0.0,0.0,,,,,,,,,,,,,,,,,,,,,,,,,
